method,e_x,e_l,mean W2,ELBO
Bootstrap,0.8888863240242004,0.0683362229347229,0.7652998876252809,-1803.167627929688
Optimal,0.3927544068336487,0.0180092113435268,0.0,-1797.6875189453124
DPF,0.4433999509334564,0.0302402842015028,0.2159972212334548,-1798.1027353515624
Soft,0.3949290942192078,0.0192425488531589,0.0347169127643437,-1797.7374257812503
Stop-Gradient,0.4577175357818603,0.0350095234751701,0.2696011217744847,-1798.3654626953123
Marginal Stop-Gradient,0.4283223101615906,0.0287820184320211,0.224156741297157,-1798.0426130859378
Optimal Transport,0.4591471477508545,0.0584939336121082,0.4695521294494444,-1800.43982578125
Kernel,1.3168787109375,0.1031383072257042,0.8853457403759455,-1805.9444189453122
Diffusion,,,,
