t,observation_1
1,1.0020377801568165
2,1.0135456081549634
3,1.0036573662133692
4,1.0022783547817495
5,1.0070068817118754
6,0.9980773970019108
7,0.9969299880784407
8,1.0087219400737963
9,1.0143374757533223
10,1.0011714067049153
11,0.9941999351836075
12,0.9956365595661764
13,1.0177099308440865
14,0.9962257834926339
15,0.992661555093378
16,1.008381705017464
17,1.0022182206276449
18,0.9929590847739379
19,1.002101229300463
20,1.0052682937891695
21,1.0026814397987018
22,1.0041266545577547
23,0.9990372964428406
24,0.9932474351082582
25,0.9955909551321878
26,1.0071039685142669
27,0.9978861718791312
28,1.0061874267020041
29,0.9958546398336974
30,1.013157345615127
31,0.9965921296971819
32,1.0009718519399753
33,1.006669096122331
34,0.9895571146666464
35,1.0024299467164082
36,1.0025294025820648
37,0.9986390832973335
38,1.0098304851026652
39,1.0098213496413673
40,0.9957954177124994
41,0.9945722975412213
42,0.9831847757539144
43,0.9874157778151915
44,0.9988519158695718
45,1.0089296911225687
46,0.992644099089854
47,1.004257374177359
48,1.0189381917704765
49,1.0147066604451735
50,0.995434017763953
51,0.9993377805365465
52,1.004062017654278
53,0.9874714925512458
54,0.9979280469794978
55,0.9981626882590493
56,0.9914809355245032
57,0.9952809084306344
58,1.0103963890304826
59,1.007128724713482
60,0.9956545092908151
61,1.009563202641765
62,1.0024884654217991
63,0.992845181619324
64,1.0072531211444287
65,1.0009525069624956
66,0.9879415411486916
67,0.9940480575318789
68,1.015779619984408
69,1.0055049312329434
70,1.0033020956375898
71,0.9957741150727621
72,0.9854373449815638
73,1.011274024858537
74,0.9828838567938412
75,1.0084405125710265
76,0.9842306750529809
77,0.9884044741978635
78,0.9752390600823659
79,0.9980390310884755
80,0.9987278123526097
81,1.0180482457580138
82,0.9937368565575305
83,0.986133148191497
84,0.9937552683573209
85,1.0176121575041073
86,1.020440613109932
87,0.9795977208575192
88,0.9733601551195588
89,1.0227093038728177
90,0.9858569288301852
91,0.9970111453020737
92,0.9711383583363283
93,1.02335362104088
94,1.0038703557668793
95,1.0004264705159696
96,1.0123231939772714
97,0.9998509689272523
98,1.0030146893746845
99,1.0005474204080447
100,0.9834305954337971
101,1.0054906877004686
102,1.0125286838652647
103,1.0114080478341096
104,1.0003330203237903
105,1.0066014729396553
106,0.9794327611322556
107,1.0048897179195122
108,0.9779845980065012
109,0.9937609066240483
110,1.014722745220712
111,1.0031781584665642
112,1.0091006045925937
113,0.9934879128546955
114,0.9912989757213858
115,1.0190722818139057
116,1.0292912420770886
117,0.9947213079302303
118,1.0009596398795066
119,0.9977758727272301
120,0.9927212932657155
121,1.0082029722408055
122,1.0056319491052597
123,0.9983435742328282
124,1.0063764926604755
125,1.0039367894653095
126,0.9987735090303707
127,0.9997308786937644
128,1.0078997375333303
129,0.9956366804665474
130,1.0026398340411564
131,0.9988824900830464
132,1.0069688678255069
133,1.0005477047210116
134,0.9908311314776475
135,0.996827533770003
136,1.0047251918042188
137,0.995177648066805
138,0.9979368023949794
139,0.9875274787309641
140,1.0050914748284496
141,0.9951398482703923
142,1.012618364051553
143,1.0063710557588283
144,1.0070334150722196
145,0.9980968708879558
146,1.0060139241029824
147,0.9834023375518891
148,0.9988245472228671
149,0.9960816417998363
150,1.00330997079516
151,0.9984117403585461
152,0.9916507025824532
153,0.9849275785912243
154,1.0011749661098055
155,1.0021148853568047
156,1.0060992409071066
157,0.9915081909018293
158,0.9955735662192519
159,0.9869933429148535
160,1.0119573276378935
161,0.9809082137604244
162,1.0031794992591254
163,1.0141627458796352
164,0.9928477047852831
165,0.9968003637107716
166,1.0230327083159716
167,1.0058448134906592
168,1.0110306407436163
169,0.9947029494299321
170,0.9925497979488852
171,1.016339771092639
172,1.0010567247732427
173,1.007176019530099
174,1.0043136999094233
175,0.9965133233866043
176,1.0043865703377561
177,0.9779145078781556
178,1.003177968468547
179,0.9835380956045277
180,0.9992278026376767
181,0.9981898261088604
182,1.0031060906712388
183,1.0161887515269044
184,1.0
185,1.0045751695127978
186,1.0000068731257568
187,0.998883013884838
188,0.9849307933843006
189,0.9854871815211625
190,1.0030067304707442
191,1.0027688158988786
192,0.9914067101370968
193,0.9951389966264341
194,0.9970950537676039
195,1.0026909545169058
196,0.9774020623689526
197,0.9921273676707373
198,0.9896357566307102
199,0.982637910815918
200,0.9268817400112538
201,1.0136724813720848
202,0.9531952791378616
203,1.0645837687516457
204,0.9915963715050765
205,0.9969155516979753
206,1.011844685890059
207,0.9945669562235223
208,1.0009210094134313
209,1.019687281405217
210,0.9999198290882415
211,0.9611912004170232
212,1.0115789916165085
213,0.9838223045463506
214,1.0005081739449055
215,0.9937830442126883
216,1.0341475359031413
217,0.9998553933931917
218,0.9986011636449165
219,0.979301700284974
220,1.0107117742081273
221,1.0122767831048396
222,0.9877012541585971
223,1.0052521346154808
224,0.9891218714839695
225,1.0165582177227284
226,1.0147512994786918
227,1.000430583444684
228,0.9812222597680244
229,0.9842056673485858
230,0.9868465592067727
231,0.9822310214309783
232,1.0205916815955012
233,0.9818538795309476
234,0.9886667696494073
235,0.9914502179202969
236,1.017058173364693
237,1.011381888067992
238,0.986824408146508
239,0.9908350447779011
240,0.9622132019071032
241,1.036959934152561
242,0.9918171801278942
243,1.0291964527070492
244,0.9941804232772584
245,1.0112586791454237
246,0.9969715977151747
247,0.9964323505416918
248,1.0345887301223495
249,1.0118154421650702
250,0.9939545639622226
251,1.005366975390363
252,1.00876370420361
253,0.9953114434119668
254,0.9909250787856803
255,0.9952647736753072
256,0.9845504828729317
257,0.9922405301059527
258,1.0053033194274896
259,1.0156634989077424
260,0.9937762560128883
261,1.0223771707676919
262,0.989838708178245
263,0.9910422382740917
264,1.0073418227413078
265,0.9995775031898088
266,1.0086204882501044
267,1.0053684828824112
268,0.9944609551062105
269,1.008274433112457
270,1.0137201845221142
271,0.9986202198178594
272,0.9930090970387367
273,1.0069439259077524
274,0.9958882163360167
275,0.9859253141920814
276,1.004071975176403
277,1.010581386208476
278,0.9993260193127207
279,1.0020882222605176
280,1.00501438491402
281,0.9845528992626567
282,0.9926274490166249
283,0.9997101170625161
284,0.9822806673244401
285,0.9997530299373716
286,0.996276444089639
287,1.00866333661812
288,1.0024204176019342
289,1.006825285026685
290,0.9848193824069861
291,1.004526296973693
292,0.9897547351426316
293,0.995615098339028
294,0.9766130597594729
295,1.0001779789049519
296,0.9937064230332402
297,0.9817299187383993
298,1.009460389506083
299,1.005668122330329
300,0.9916243030074772
301,1.0064395964416364
302,0.9866097496397882
303,0.9939395120416713
304,0.982754549851823
305,1.0002188771261433
306,0.9933446566062208
307,1.0164134393370945
308,0.9728211168241568
309,0.9922527136606624
310,1.0037541992082004
311,0.9821194907781268
312,0.9986819701569336
313,1.0128872205614674
314,1.000528388668896
315,0.9864793241310348
316,1.0166929922077883
317,0.9822078303981988
318,0.9740390738330905
319,1.0057727425802827
320,0.9771441154923678
321,1.010191785325476
322,1.0256177090157452
323,1.020097706033878
324,1.0037301762949131
325,0.9976964258828671
326,1.0184171947741234
327,0.9902819418819189
328,0.9989714971077904
329,0.9887441036240984
330,1.0034557134843636
331,1.0127734609369945
332,1.0001455129800187
333,0.9766733207240432
334,1.0276141374823913
335,1.0085589232500838
336,0.9965473891429748
337,1.0033056090863934
338,1.0109080680695421
339,0.9974432141656918
340,0.9761118188680274
341,1.0006230234415754
342,1.0032113621783065
343,0.9995456645216406
344,0.97435003650044
345,1.0047351259385242
346,0.9859313603063449
347,1.019541875996049
348,0.990339359907415
349,1.0051853305597065
350,1.0005246466964288
351,1.0182683483064634
352,1.0018485217930226
353,0.9996345467233247
354,1.0154738021950016
355,0.9860996497025115
356,0.9720538018556157
357,0.9728259909317835
358,1.030852254091451
359,0.9929813624332764
360,0.9941583442156123
361,0.9938557067029216
362,1.0173551162844618
363,0.9613028300924198
364,0.980089937455025
365,0.9774448785786859
366,0.9940572016781074
367,1.0842066810940982
368,0.9779469621919409
369,0.9868186760360421
370,0.9936302285466533
371,1.0279758919913131
372,0.9842069200034135
373,0.9530264849337065
374,1.0099761020248594
375,1.0095945451098869
376,0.9804912755357308
377,1.0353481977611223
378,0.921366651803597
379,1.0036528721373064
380,0.9357863809133061
381,0.9756879595559504
382,0.9211994040422162
383,1.1100182661658593
384,1.0254508094777401
385,0.9351843364722134
386,0.940164307169101
387,1.0447107314397779
388,1.0321897867364562
389,0.9943719348496254
390,0.9457477379156275
391,0.9975833954535455
392,0.9515707399252155
393,1.0207432891620536
394,1.056078088755506
395,1.005088997025263
396,1.0252052854063003
397,1.0070531334799506
398,1.0555853841143032
399,0.9838590649582472
400,0.9377972555085545
401,1.0237997824858465
402,1.008952810899508
403,0.9458344850759722
404,0.9666332018299266
405,1.0121628961447942
406,1.0116752339035515
407,0.9619738852135583
408,1.0106857654446302
409,0.960361496856438
410,0.9697781115201938
411,0.9730097267334639
412,1.0989838660971618
413,1.002352583036068
414,0.9949369904527392
415,1.0228112918352632
416,1.0009638042969482
417,0.9416040905917394
418,1.028727617810054
419,1.0065375053564858
420,0.9996623582744478
421,0.9507624859607698
422,1.0875586382918385
423,1.012865009059283
424,1.005961826204401
425,0.9959167066462034
426,0.9732516895368116
427,0.9952706211384805
428,1.017815439960077
429,0.9975921308600707
430,1.0032563269862056
431,0.9966237310246018
432,0.9809789978161453
433,0.9935311615968354
434,1.0
435,1.0025859758569144
436,1.0264539339065146
437,1.0
438,1.041578936990191
439,1.009798669384259
440,0.984533268745013
441,0.991337578613222
442,0.9880908978902446
443,0.9860371152960808
444,0.9834452536428866
445,0.9532115444956125
446,0.9822533175449084
447,1.0105329964608492
448,0.9872624606212277
449,0.9770955091212253
450,0.9943792634891631
451,0.9870410000927061
452,0.9943520576713786
453,1.0367340193023704
454,0.999034519809009
455,1.04412434795091
456,0.9770188626215787
457,0.9857143195249467
458,0.9829055286286639
459,1.0209892495468873
460,1.023537941912127
461,0.9980415453346342
462,1.0219907868247549
463,1.0022571700933087
464,0.9656016302996092
465,0.9998897780081724
466,0.9766524302429952
467,1.0060227491296438
468,0.9513931953672786
469,0.9992877245164876
470,0.998286554512125
471,0.9512208820088232
472,0.9900331820703104
473,0.9929053062827079
474,0.9938103715628951
475,1.0284338991304651
476,0.9777798500577907
477,0.9527180832546187
478,0.990407821255129
479,1.0422205795441541
480,0.9530682582760792
481,0.9810986585149818
482,0.9960049251586806
483,1.060525558299133
484,1.006907945988468
485,1.015443982524049
486,1.003505484873162
487,1.032596749733549
488,0.9894430054223728
489,1.003448846518201
490,1.0100981161951694
491,1.005579582623878
492,1.0345009220625059
493,1.0026630029232853
494,1.0102520075265318
495,1.003624656524944
496,0.9822853533166971
497,0.9489559818405172
498,1.0301002670343127
499,1.0127660683022788
500,1.0566941355947235
501,0.9919963589673152
502,0.991349621588971
503,0.9934992306377541
504,1.0098034595644214
505,1.0279404297734132
506,1.0136839486076188
507,0.993114369438626
508,1.0165933332786714
509,1.0176656012821546
510,0.9608269590743899
511,0.9974171088159314
512,1.018746433587801
513,0.9885592958738483
514,1.026708910872261
515,0.9989095236095715
516,0.9841025623196687
517,1.023709534622059
518,1.0174548843548028
519,1.0186036271738639
520,0.9950486332784919
521,1.012344487175912
522,0.9872029191856844
523,1.0234031339875462
524,0.9883041248770938
525,0.9961990311983816
526,0.9723470979185802
527,0.9984007044274554
528,1.0044911550852542
529,1.024804318834156
530,1.0152100917988667
531,1.0112131830910198
532,0.9784293377497485
533,1.002757306651947
534,1.0115644717624952
535,1.0044684030525466
536,0.9893808063253561
537,0.9992214450052358
538,1.0338318287768697
539,0.9799618688318644
540,1.0014859469138953
541,1.0064693710071972
542,0.9860977057995994
543,1.0044603382403383
544,1.0086957463610995
545,1.0085528390204854
546,0.9948023823148394
547,0.9689863506316791
548,0.9977667467883868
549,0.9825801595749445
550,1.0128916608867398
551,1.0084202045270834
552,0.968995022269533
553,0.9975416022023238
554,1.027610169199658
555,0.9933263759422056
556,0.994834095417404
557,1.0200049626772552
558,0.9852197833508815
559,1.0200025982681058
560,0.9673106510662547
561,1.0028823152813606
562,0.9862821913400592
563,0.990195751652096
564,0.9872593280783505
565,1.009837098232894
566,0.9859974221354493
567,1.0279425111084644
568,1.0108689123207206
569,1.0338759527386434
570,1.0032435276368716
571,1.004160270597296
572,1.012753114716137
573,1.0077178895746155
574,1.003515929609328
575,1.0225161394338962
576,0.9988281997953811
577,1.007220919587276
578,0.9891098154687188
579,1.0105826401207818
580,1.0209320928712866
581,0.9937432262733916
582,1.0136233571292401
583,0.9988369386955581
584,0.9895804959520128
585,1.0071430946605753
586,1.0166077365506947
587,0.995340414519972
588,0.98415874446786
589,1.014059171597633
590,1.0065210789155628
591,0.9865729603523903
592,0.9754178356987436
593,1.0102965516387807
594,0.9970652267326271
595,1.0155516229812098
596,1.0307658973206462
597,1.0119171514290337
598,1.0082062684791084
599,0.9956303538188842
600,0.9959554714936988
601,1.0093712545481586
602,0.9880370958963753
603,0.9803725790387077
604,0.995588686504662
605,0.99832084243938
606,1.016345506356048
607,1.015641484735627
608,1.0123212483176312
609,0.9989079983408776
610,1.0049228454968944
611,0.9992512045053277
612,1.004859945215163
613,1.0138164014410393
614,1.004569272152995
615,0.9971645301849624
616,0.9948982486670412
617,1.0031645104315465
618,1.0019572086295778
619,0.9830218410325944
620,0.9977908620205724
621,1.0237186981315929
622,0.9976957919950793
623,0.9931510907762812
624,0.9783578377963082
625,0.982259180356863
626,1.0109323808494566
627,1.0268455131140795
628,0.995278630168053
629,1.0124256921984427
630,0.9981194913512412
631,1.0111617479750172
632,0.9878909403880883
633,1.0249248047297337
634,0.9960248404860308
635,0.9844985838367247
636,1.0186208134240766
637,0.9924239129777527
638,1.0040169840435724
639,0.988204923064236
640,0.9944490665302754
641,0.9822388816740917
642,1.000123412952917
643,0.9799976853239203
644,1.016671130414183
645,0.9712260677100911
646,1.0070894664377164
647,0.9816681795765908
648,1.0187995388844997
649,1.0109108714313533
650,1.0002899860425645
651,1.0235698693466493
652,0.9987167745723841
653,1.0086016401056481
654,0.9985803284692656
655,1.0021273157938686
656,1.0149529186890058
657,0.9934282312559082
658,1.0005538877799003
659,0.9834143055947623
660,0.9904799932535251
661,1.0229892347728162
662,0.9928887120244266
663,1.0067139136685082
664,0.966357152741574
665,1.0113236761049966
666,0.9880295944870234
667,1.026633300563053
668,1.0021554597044484
669,0.9993745356523162
670,1.0118875252330746
671,0.9951551551618729
672,0.9837512701300974
673,0.98909513118884
674,1.0117774174997733
675,1.0038684346894788
676,1.0079236182883016
677,1.0012409282928942
678,1.013134460662374
679,0.988088204697312
680,0.9929314158554213
681,1.0190964393827244
682,1.0067189254391766
683,1.0039956478021699
684,1.0
685,1.008432835241812
686,1.0032390329004799
687,0.991363838127348
688,1.0
689,1.017382295014395
690,0.9981973817621341
691,0.9991036279806497
692,0.9992292071906809
693,1.0034947859099623
694,0.9974783017129363
695,0.9889211166669627
696,1.0005106065679619
697,1.0037939871144608
698,0.983456602284594
699,1.0059927275529292
700,1.0091112692931563
701,0.9764743036112988
702,0.9823817690469637
703,0.9907622627532088
704,0.9896009590058396
705,1.0072809963490659
706,0.985734159424155
707,0.9820370861832027
708,1.0144301194494807
709,1.005927608270728
710,1.0131457779856792
711,0.9910248012352955
712,0.9653569827788597
713,0.9719994607616156
714,1.0124067683334854
715,1.001553844557998
716,1.0118946313178478
717,0.9926227154396389
718,0.9978397391801138
719,1.0035035548575628
720,1.0137638897884538
721,1.0152456768381681
722,1.0058104982634175
723,1.005424204763532
724,0.9945406446835787
725,0.9828840918238397
726,1.0016040177336052
727,0.981524331267845
728,1.0164095223959435
729,1.016210543250858
730,1.0085224248455509
731,1.0093908834193255
732,0.9977006968662513
733,1.0217818407097998
734,1.0006429665584422
735,1.0004931499973035
736,1.0099593300940692
737,0.9953049039087508
738,1.00090481783459
739,0.9904048987830959
740,1.012325123133437
741,1.0087339087831328
742,0.994006069638432
743,0.9945808345578461
744,0.9975155018916171
745,1.0068390623648706
746,0.9977392087733999
747,1.0152035329156963
748,0.9975746512924607
749,1.0022271957124678
750,0.9973502679840724
751,0.9971017186464599
752,1.016150632961051
753,1.0036897734545493
754,0.9950259498792604
755,0.9891380891270584
756,1.0174114826271012
757,1.0029028980046553
758,0.995340133725468
759,1.0066226404596599
760,1.001535846717579
761,0.9790881775041341
762,0.9967928529653695
763,1.014869777658723
764,0.9878448007481533
765,0.9830203801985715
766,1.0070817537708339
767,1.0099139273624547
768,0.9632648323977083
769,0.9823022602259116
770,1.0141938353297975
771,0.996018553208828
772,0.9998721599908614
773,0.9615196581528492
774,0.9893579061813159
775,0.9746612415625328
776,0.9574061582775782
777,1.1034765368937802
778,0.9897024117614108
779,1.0123897916728883
780,0.9528308569028318
781,1.0005391834443524
782,1.0238564553151077
783,0.9708214032234189
784,0.9809504547788831
785,1.0017901187648457
786,0.9667156399646011
787,1.0168133766890195
788,1.0351810493606257
789,0.9979765864139462
790,0.9985463039322175
791,0.9985902049501362
792,0.9982351980302255
793,1.0123674785671593
794,0.9694134650488127
795,0.9907502314880102
796,0.9924386917496956
797,1.0182567754796803
798,1.0203623683784082
799,1.0113350002185224
800,1.0171131903912065
801,1.0122379645564572
802,1.0008945740886297
803,1.0034538688233876
804,1.0032622839029994
805,1.0114175270100334
806,0.9919444098043944
807,0.9850071478150731
808,0.9780094722733682
809,0.9939250949056831
810,1.014992838974993
811,0.9579079326882612
812,1.006642301057353
813,0.9787550073199872
814,1.0014730928163824
815,0.9942395103482166
816,1.0282554483652373
817,1.021600096342525
818,1.0121584240006056
819,1.0055430238784302
820,1.0018238612590653
821,1.0191728491282446
822,1.0005003937780659
823,0.9868015951823639
824,0.978836858701926
825,0.9958383853559003
826,0.9972215637713341
827,1.00465880686409
828,1.0282967891334707
829,1.0018126533856284
830,1.0088227614747796
831,1.0095475007609591
832,0.9988444951615494
833,0.9952351225116145
834,0.9960805253564629
835,1.029185246716801
836,0.9988661380212893
837,1.0021674964562857
838,0.9979682026435921
839,0.9858122827494972
840,1.0172450762141172
841,0.9903617271036185
842,0.9729072982004697
843,0.9987850146247244
844,0.9955454667649863
845,0.996145816865643
846,1.0146018040215719
847,0.9967015880212364
848,0.9803420381044632
849,0.9883963339205442
850,1.0063767908783052
851,0.9825994620876186
852,0.9896195367776882
853,1.0075326547769907
854,1.0089993080048822
855,0.9947611425151528
856,1.0024382617876924
857,1.0351970377163042
858,0.9999705082277549
859,1.0114319954523785
860,1.0026837217712705
861,0.9903979573615719
862,1.0094347164442032
863,1.0107305559667101
864,0.9992704113502409
865,1.0088692839577547
866,1.0005026317012555
867,0.9956850194701296
868,0.9965108290895995
869,0.9902176645262575
870,1.016428626830012
871,0.9971028079391373
872,0.9850494610699868
873,0.9948561223753134
874,1.0197691129640547
875,0.9941205185301226
876,0.99938409306913
877,0.9921033671909619
878,0.9982526097329514
879,0.9945449285756044
880,0.9883311585073395
881,1.0213030775952878
882,1.0077721495819743
883,1.002474777990108
884,0.9994797224018095
885,1.0015401712366798
886,0.9949923394283893
887,1.0233450594715392
888,0.9984369430814706
889,1.001953307421802
890,1.0031918317425008
891,0.9953029786454884
892,1.005001159898755
893,1.010790742944287
894,0.9970335917925505
895,0.9992135649803723
896,0.9947170372148917
897,0.990585708075408
898,1.0056937845447838
899,0.9998102149487301
900,0.9970966471608061
901,1.0085591612398945
902,0.9893114396592044
903,1.0190006573544472
904,0.9971326568997211
905,0.9972252617817714
906,1.00790803635669
907,0.9845328499574453
908,0.9948312287052619
909,0.9968953175120769
910,1.0092190134605485
911,0.9765908010378794
912,1.0075239618996799
913,1.018742651804347
914,0.9966797839285809
915,0.9879398863711236
916,0.9743689808370667
917,1.006808098776699
918,1.0025489406338934
919,0.9898410200920125
920,0.9755202849306388
921,0.9928950355133924
922,1.0267372291914458
923,1.0218672356975382
924,1.0003595324778696
925,0.9955326420377744
926,1.0118341166511955
927,1.0057836121060035
928,1.0077191898198048
929,0.9995846349480059
930,1.0055784188676276
931,1.0022063005596296
932,0.993122920470251
933,1.001333586351649
934,0.9915629424908301
935,1.0061840444299475
936,1.0133029564179545
937,0.997441733392588
938,0.998219330195906
939,0.9867307578559549
940,0.9992181308646123
941,1.0059943813858054
942,0.987966499846447
943,1.0115388067599287
944,1.0016693457308299
945,0.9963328732364383
946,1.0008786939673209
947,0.9901347984255756
948,0.9831318019451616
949,1.0129379822230302
950,1.0295036855054014
951,1.012681005033989
952,1.0016393717165255
953,0.996654561067678
954,1.0120215334081533
955,0.9925787757578369
956,1.0012517826692857
957,1.0147365727739937
958,1.002861413279765
959,0.9928567974870167
960,1.0033809140304384
961,1.0074028298884166
962,0.9880859211681579
963,0.9998307454242588
964,1.0180050236120346
965,1.0019588508962485
966,0.9942875290548581
967,1.0025705147394843
968,1.0093200865681071
969,1.0037345418664236
970,0.9964240319433032
971,0.9980405904047154
972,0.9995671007896678
973,0.9980193448080453
974,1.0040021728854567
975,1.010381249494472
976,1.0008557105523177
977,1.001129031075919
978,0.981857916522368
979,0.9903696100310044
980,0.9904770322069573
981,0.998040542818221
982,1.0121697375649399
983,1.009403644925565
984,0.990103160712247
985,0.991797601107871
986,1.0035284376213205
987,0.9932440426978869
988,0.9939779836506126
989,1.004775842551771
990,0.9964997132067465
991,0.9913529216880322
992,0.9911023040791042
993,0.9889973162513463
994,0.9761895040190484
995,0.9773866956247161
996,1.023856742554121
997,1.0023150843871043
998,1.0244215800088317
999,0.9978956940838606
1000,1.0040072794320127
1001,1.015194192065845
1002,1.0005327030952575
1003,1.001178132176216
1004,0.9986859713622501
1005,1.0087635258713519
1006,0.9913057887079929
1007,1.017867268770244
1008,0.9976105213198287
1009,0.9983489881698547
1010,1.0069536760250488
1011,0.9973783975952377
1012,1.0070756290697451
1013,0.9966227864208317
1014,0.9857963144745352
1015,1.00601907079814
1016,0.9890643292567366
1017,1.0004558621589308
1018,0.9756461565572798
1019,1.003388441767699
1020,1.0223332861445986
1021,1.0050900132933016
1022,1.006491182194189
1023,1.0075219193806275
1024,1.0093162555676112
1025,1.0019698075489576
1026,0.9992162366386468
1027,0.9971750378699578
1028,0.9838788041625776
1029,0.9913686288371459
1030,1.009007176710179
1031,0.9828981673371598
1032,1.012617185232789
1033,1.0011602207833612
1034,0.9913745158246304
1035,0.9923038855021038
1036,0.9954086787072035
1037,0.9889946030476927
1038,1.0062113807430149
1039,1.0081261285639247
1040,0.9873313097798646
1041,0.9790748459653469
1042,1.0025087177789918
1043,1.005558217612303
1044,0.9939577615341326
1045,1.0069932472467233
1046,1.0029297049200996
1047,0.9863668878557809
1048,0.9914739725643689
1049,1.0033160315824639
1050,0.9919120773450171
1051,1.0094692913813321
1052,0.9835931938856755
1053,1.017346462143703
1054,0.9825751842028119
1055,0.9996778755949112
1056,1.0144655786249333
1057,0.9920183578738371
1058,1.0196432983420443
1059,0.997530354534057
1060,0.977027423511
1061,0.9945144664976935
1062,1.0029640665918511
1063,1.0097506394291695
1064,1.018927557918258
1065,1.0164064796944399
1066,1.0095276835065783
1067,0.9980943638812424
1068,0.9931433347470436
1069,0.9937273937323956
1070,1.0041940272625132
1071,0.9808684372042397
1072,0.9709865299103297
1073,0.9942380741120035
1074,1.007989522781325
1075,0.9694038537539189
1076,1.0164894500208244
1077,0.9801823375696136
1078,1.003668402756604
1079,1.0280283361114744
1080,0.972735833121593
1081,1.0534275025763895
1082,0.9892158459816652
1083,0.998887939299805
1084,0.9832314554619009
1085,0.9996473446712338
1086,0.9916851511100413
1087,0.9530101749559968
1088,0.9815081137339696
1089,0.9657542601429835
1090,0.9846037847367707
1091,0.9628486647738311
1092,1.0032052325656498
1093,0.9387727651418128
1094,1.0286381234213897
1095,1.0414724453172703
1096,1.0074327910455216
1097,0.9996515097567815
1098,1.0032062192837132
1099,0.9465879047383253
1100,0.9784556234458456
1101,1.0112640273121056
1102,1.0075983167033147
1103,1.017600146840825
1104,0.9901728679680885
1105,0.9881535569341523
1106,1.0223060703460818
1107,0.9999284793254554
1108,1.0281090903500478
1109,1.0015941764623535
1110,0.9631226155060718
1111,0.9489129864780049
1112,0.9871065778836241
1113,1.0341617283385505
1114,1.0056899490202813
1115,0.9585236273832037
1116,0.9620672937001221
1117,1.020867065668359
1118,1.0229494990906043
1119,1.0346745377407973
1120,1.001697846517665
1121,0.9707402788043206
1122,1.0211391691182448
1123,0.9804150029217124
1124,0.9510409910399905
1125,1.0151722556917826
1126,1.028291815782843
1127,1.0531259396897041
1128,0.9920738839092722
1129,1.0164473916655647
1130,0.9851837653608624
1131,0.9809970713114985
1132,0.9779492000153912
1133,1.0422410466655108
1134,1.0318250313882618
1135,1.009075993135601
1136,1.0227438463744871
1137,0.997918787477
1138,1.0242576252504556
1139,0.98329368528804
1140,1.0098434143095218
1141,0.9831923479635151
1142,0.9960793326083965
1143,1.0100875316736895
1144,0.974975083843182
1145,1.0289377840490823
1146,1.013501571527779
1147,0.9894008591146212
1148,0.9962030484769073
1149,1.0607521261644477
1150,0.9941218065531552
1151,0.9686722764528878
1152,0.9473885042990888
1153,1.0142317499822275
1154,1.024455820940453
1155,0.9759491417530453
1156,0.9932139416937882
1157,1.0119863748432767
1158,0.9766368271385334
1159,1.002458457431111
1160,1.030994509401751
1161,0.984304098264076
1162,0.9850020681835907
1163,1.0061934165649955
1164,0.9888975413700793
1165,0.9972801177215037
1166,0.9658422730659948
1167,0.9891356813075923
1168,0.9812711385505235
1169,1.006901010799152
1170,1.0523384137855512
1171,1.0055856222340973
1172,1.043085357484734
1173,0.9928812089457155
1174,1.0123862976786362
1175,1.0114791430429562
1176,0.9946484402249104
1177,0.9949972464758413
1178,0.9757476268096176
1179,1.0238369082400247
1180,0.9687823630215329
1181,0.9962634368463381
1182,0.9756432746706772
1183,1.0086041503166376
1184,0.9900354970603465
1185,1.0001044074924679
1186,1.0269819754073988
1187,0.9920262219252944
1188,1.012774264543192
1189,1.0076330597650556
1190,0.9999737777779673
1191,0.9845959593267748
1192,1.0165186270320377
1193,1.0105877201829894
1194,1.031667722144989
1195,0.9832545907573865
1196,0.9854717054250277
1197,0.9926157410531146
1198,0.9946925579404521
1199,1.0266876690215656
1200,0.9966091319433936
1201,1.0027100067382315
1202,0.9966578905026975
1203,1.0100726894794114
1204,1.014850278353553
1205,0.9975006611253024
1206,1.0185724945953667
1207,0.9966817473243229
1208,1.0059663038129218
1209,0.9961621529622892
1210,0.9954976826883686
1211,1.0162238068559273
1212,0.9903349918305566
1213,0.9868670541730008
1214,1.0050069426084471
1215,1.022398735826208
1216,1.0029787489689097
1217,1.014930493092854
1218,0.9971134882422477
1219,1.0024842496585726
1220,0.9995226181500657
1221,1.0037486932765436
1222,0.983515276815914
1223,1.0043454543182084
1224,0.9986955858830096
1225,1.002278641872929
1226,0.9981515888973946
1227,1.0124369653616216
1228,1.0084473888400776
1229,0.9911079254060894
1230,0.9956649774215959
1231,1.0062238297004136
1232,0.9957879600666883
1233,1.0026501205518747
1234,0.9969798773793397
1235,1.014549443744331
1236,0.9990190923519761
1237,0.993598279271471
1238,0.9658715959679635
1239,1.0070594878953802
1240,1.021720823460803
1241,1.0006880784055925
1242,0.9996104928604428
1243,1.016640396562886
1244,1.0070282500225585
1245,1.0074491245304058
1246,1.005524380885996
1247,1.000045958304118
1248,0.987804948817344
1249,0.9964953838879759
1250,0.9854492922187036
1251,0.9981068685260717
1252,1.0057179117765085
1253,0.9942279897894016
1254,0.9887019179639688
1255,0.9824006510208234
1256,1.0100051530778666
1257,1.0096476385637088
1258,0.9831279826620892
1259,0.9753881609399222
1260,0.9975317820720734
1261,0.970320241832421
1262,1.0085418141806273
1263,1.0046468216392737
1264,0.9741820644488325
1265,1.0042242589381554
1266,1.028620022292305
1267,0.983435094261352
1268,0.9814548403731874
1269,1.011642862455343
1270,0.9712539249655803
1271,1.0174846196077272
1272,1.0170002069350608
1273,0.9999053038165715
1274,1.00918335148603
1275,0.9839634100488006
1276,0.9930108984340971
1277,0.9985984600969395
1278,0.9830527707093603
1279,1.0154558468210217
1280,0.9794226339477671
1281,0.9953131893753397
1282,1.0097725143645693
1283,1.0031860017546474
1284,0.9766736953083817
1285,0.9894275393114701
1286,0.9984716207118197
1287,0.985910181743538
1288,1.002550471561189
1289,1.0198544235275016
1290,0.9731855593362395
1291,1.0105292613523587
1292,1.0024808940365937
1293,0.9992783754299821
1294,0.9795723179746469
1295,1.0013042415365339
1296,0.9762711399627937
1297,1.0049790923910844
1298,1.0040164783416436
1299,1.0241554538902422
1300,1.0025027003901947
1301,1.0003825448368067
1302,0.9971080967142649
1303,1.0026570294102835
1304,1.0000560410165567
1305,1.002197322574061
1306,1.0153709461047467
1307,0.9882680468727439
1308,1.019655470903735
1309,1.004312983301546
1310,0.9963442333169908
1311,0.9942667322616138
1312,0.9743461498012654
1313,0.9987046525260479
1314,1.0176978580860232
1315,0.9963105130480358
1316,1.0496379564977507
1317,1.0120810112401581
1318,1.0123686139006174
1319,0.9965437355285365
1320,0.9881119735344419
1321,0.978375648250802
1322,0.9966002846674585
1323,1.0062570687760335
1324,1.0019536912022258
1325,0.991888644145279
1326,1.0139497030932412
1327,0.9968438058352146
1328,0.9994627076153715
1329,1.0150838392410864
1330,1.0077690726919724
1331,0.9717171385142461
1332,0.9740672956134064
1333,0.9872574260731081
1334,1.003509137032567
1335,1.042591998107565
1336,1.0222917885218714
1337,1.0169822566439186
1338,0.9937657457664426
1339,0.9731868565146314
1340,1.048255675420353
1341,1.0112704268576287
1342,1.0170547991552377
1343,0.99673804176255
1344,1.0019570155197142
1345,0.994329158266644
1346,0.9970039823650354
1347,1.0067592503141747
1348,0.999218782935481
1349,1.0107555321878914
1350,1.0061061740834056
1351,0.9978920098579656
1352,1.0097108041568208
1353,0.9849253138141356
1354,0.990394352912322
1355,1.0020830401974696
1356,1.0113342157939047
1357,0.9919978103091005
1358,0.9967691447020891
1359,0.9874991550162547
1360,1.0153548179381098
1361,1.00920222447442
1362,0.9891887755789788
1363,1.0021629111144332
1364,1.0340484683833293
1365,1.005406105763815
1366,0.996033219896008
1367,1.0115165225286933
1368,1.0027955923435115
1369,0.9915860582836232
1370,1.0201870418139376
1371,0.9957642182157342
1372,0.9883222961958281
1373,1.0055886347916563
1374,0.9942983743925176
1375,1.0094201981771238
1376,0.9925535160083822
1377,1.0041401656581672
1378,0.9727621155432435
1379,1.0030178021402905
1380,0.9793300848275791
1381,1.0181521308463073
1382,0.9979110174119986
1383,0.9995548155940842
1384,0.9972998858480363
1385,1.0182882272704414
1386,0.9861252627838635
1387,0.9904410071024166
1388,0.9936535267632038
1389,1.0124321356773631
1390,0.9927666220349698
1391,1.0064922820659694
1392,1.0252622739327788
1393,1.00860715751081
1394,1.0016965570285608
1395,0.9875883474416728
1396,0.9956180798740807
1397,0.9789893035717971
1398,1.0051091869992395
1399,0.99712912403533
1400,1.0051018818184472
1401,0.9930852092903519
1402,1.0149868087599643
1403,0.9950913566015024
1404,1.012074509876197
1405,1.005240909968578
1406,0.9884262875767053
1407,1.0072567175595615
1408,0.977586281590533
1409,1.000012014503278
1410,1.0002783983008152
1411,0.9974594734075634
1412,1.0079319645250306
1413,0.9918577354010776
1414,0.995523338361593
1415,0.9860060237558524
1416,1.0279690731614195
1417,1.0057751277349767
1418,1.0040085008819577
1419,1.0061159181594808
1420,1.0086545016727613
1421,0.9943254441287829
1422,1.0003657519443234
1423,1.0013328891009583
1424,1.013683565639368
1425,0.9975055325959312
1426,1.0027609387134744
1427,1.0032799339947909
1428,1.0004863343899948
1429,1.004367064351518
1430,0.999216491067201
1431,0.99794335391919
1432,1.010789596981106
1433,1.00240472041985
1434,0.998981053517152
1435,1.0010960805619677
1436,0.999038209166443
1437,1.0058941899676237
1438,1.0042330022342538
1439,1.001359897954773
1440,0.9972877550295053
1441,1.003341969902011
1442,0.9875562119125427
1443,1.0283114263403268
1444,1.003009798180564
1445,0.9949102040838395
1446,0.9984752306264624
1447,1.0055508895492353
1448,1.000694699222119
1449,1.0035151663100779
1450,0.9990322552826663
1451,0.9950022007329182
1452,1.000351626686866
1453,1.0060646252566938
1454,0.9965648825145104
1455,1.0062886984263884
1456,0.996358166649893
1457,0.9969006802273589
1458,1.0054203891332596
1459,1.0077929793340843
1460,1.0001166353400097
1461,1.0017380286140463
1462,0.9937620160181014
1463,0.9893342402717098
1464,1.002626766645537
1465,0.9686687648326813
1466,1.0099193727786966
1467,0.9872285244171017
1468,0.9925763940411911
1469,1.0124638664496461
1470,0.9970764014509766
1471,1.0099976624923863
1472,1.0030315380979664
1473,0.9919039735266688
1474,0.9923766910861324
1475,1.000531454835441
1476,1.0174728055147149
1477,0.991729166659025
1478,0.9770522522962357
1479,1.0194940765312
1480,1.0082926401356764
1481,0.9693271573176221
1482,1.0160939703766318
1483,1.0082929055744458
1484,0.9936207596147258
1485,1.0011579361027516
1486,1.0241394275577205
1487,0.9988333568402997
1488,1.0040897967892184
1489,1.0140958917308929
1490,0.9963096811574182
1491,0.9974767947372788
1492,0.9973744429333857
1493,1.0147778044358418
1494,0.993084861439719
1495,0.9925707702120345
1496,0.9876139783000748
1497,1.0138250355343232
1498,0.9907785516743763
1499,0.9991616739450154
1500,0.9879217452103582
1501,0.9969199510738241
1502,0.9891484843633239
1503,1.004424970627914
1504,1.0212574709345545
1505,0.9847787005301618
1506,0.993338381415779
1507,0.986209853672829
1508,1.0015356056822227
1509,1.0022708826156224
1510,1.0256211586230668
1511,1.004775272344624
1512,0.9847213671356071
1513,0.9966735866126902
1514,0.9941289085884861
1515,0.9786110997013107
1516,1.0007871617955473
1517,1.007693176329241
1518,1.0032853125114063
1519,1.0306777939596172
1520,1.0147097006772434
1521,1.0008733603148001
1522,0.9922423075086327
1523,1.0126517002629982
1524,0.9980201948036312
1525,1.002544211778669
1526,1.0164699072806151
1527,0.9952382647647758
1528,1.0067478362135
1529,1.0056119861557136
1530,1.000222605964472
1531,0.9971815363545784
1532,1.0065673135353148
1533,1.0049900007859645
1534,0.9989748905982252
1535,1.0040225315348674
1536,1.001298766894864
1537,1.0047348565145442
1538,0.9794603968704986
1539,0.9955019878771104
1540,1.0111095292113106
1541,1.0146225821779964
1542,0.9826049585888921
1543,1.0045432371083511
1544,0.9894398188377451
1545,0.9920928701227781
1546,1.0028969119952362
1547,0.9831731052478496
1548,0.9877755326104743
1549,1.0178872801036623
1550,0.9982819243021405
1551,0.9866882575303928
1552,0.9937835674030405
1553,0.9981961288276412
1554,1.0021077080163532
1555,1.0132604532416054
1556,0.9993487933119294
1557,0.9937244017427809
1558,0.9636621621597037
1559,0.9857062880005181
1560,0.9852323208528088
1561,1.012556597413645
1562,1.0233705432821472
1563,1.006550631219451
1564,0.9934080375198946
1565,1.0076961905718733
1566,0.9925951280979072
1567,0.9875384365339871
1568,1.0294776754769046
1569,0.9809071359015696
1570,1.0211247597984323
1571,1.0050134086924134
1572,0.9983372000648442
1573,1.0081249864606507
1574,0.9975944866679711
1575,1.0044188404299712
1576,0.9921539759167961
1577,1.0061035840708006
1578,1.0134644760391007
1579,0.9993303623759048
1580,1.003398160179308
1581,0.9990827034235049
1582,1.010778985166141
1583,0.9956544787219548
1584,1.0006093960315132
1585,0.9999161255189623
1586,1.0063755295354655
1587,1.0032400366528151
1588,1.015479688300106
1589,0.9993169968427605
1590,0.9934853943927651
1591,1.0013114298049126
1592,1.0080302106600143
1593,1.0031028069135393
1594,1.0005413980269127
1595,1.0051147641892413
1596,1.0036845205032805
1597,0.9943129329265579
1598,1.0064918266106264
1599,0.9891671349720171
1600,0.987472287897678
1601,0.9951936877461017
1602,1.0136020547872884
1603,1.0048820831679943
1604,0.998372251879206
1605,0.9744174332737515
1606,0.9975775707507586
1607,1.0057244561045657
1608,0.9866077632240218
1609,1.0117514263373337
1610,1.0017941566568143
1611,1.005768034501108
1612,1.0105327558277772
1613,0.9981772751055317
1614,1.0189721091081234
1615,1.0042225010432957
1616,0.9995215988199836
1617,1.0017609768252072
1618,1.0096019281174398
1619,0.9987252502752723
1620,1.006215939745287
1621,1.0093780612837535
1622,0.9969314045652684
1623,0.9928805973759296
1624,1.0057046926307143
1625,1.0015122381032049
1626,0.9985105616764576
1627,0.998751312061983
1628,0.9910287308917822
1629,1.013780868096465
1630,0.9949847048981784
1631,0.994452288796876
1632,1.0090244167535116
1633,0.9982003205173633
1634,0.9932638824158683
1635,1.0004752726216566
1636,1.0222671064352038
1637,1.001640095955644
1638,1.001146466397174
1639,1.009023812994717
1640,1.0036077973275972
1641,0.9983385255926649
1642,1.0076136868756214
1643,0.9984636729645237
1644,1.0056527224141196
1645,0.9906066094162034
1646,1.0072253541287721
1647,0.9985324054956867
1648,0.9958938998393475
1649,1.0094637573115999
1650,0.9967384052125975
1651,1.0089650738124973
1652,0.9948467025716273
1653,1.0029618691739794
1654,0.9917482767005835
1655,1.0067458895477392
1656,0.9956092388745631
1657,0.9973479719185889
1658,1.0059046780743386
1659,0.9940546489585419
1660,0.9955481269623314
1661,1.0107640484885627
1662,1.0002751058250001
1663,1.008764038747202
1664,0.9895725419647643
1665,0.999393325540058
1666,0.9990220979739899
1667,1.0038234534388666
1668,1.0054876077848776
1669,0.9967033169595639
1670,1.006540081495528
1671,1.0031693574816336
1672,0.9981309041323954
1673,0.9969514059181308
1674,0.9794132716571935
1675,0.9926606653526506
1676,0.9871012087317632
1677,1.009064842267611
1678,1.0029295826897204
1679,0.9906949194189776
1680,0.9954236105940434
1681,0.9934889980949592
1682,0.9978825338222616
1683,1.0194564187850053
1684,0.9875754054448792
1685,1.0113299786571153
1686,1.0133138365935446
1687,1.011493729739474
1688,1.007070298182454
1689,1.013175314885852
1690,0.9966445054256957
1691,0.9914541764618398
1692,0.9982858547280543
1693,1.0136193779487355
1694,0.9999035510479426
1695,0.9934419374280242
1696,1.0044947326549323
1697,1.0025095563383128
1698,1.0024390213286685
1699,1.0157812170443656
1700,0.9941428008001393
1701,1.0012380631530784
1702,0.9997050899614945
1703,0.9999715068479574
1704,0.9994259395420029
1705,0.9891504246877151
1706,0.9714860944456106
1707,0.9955155424993914
1708,1.0079545612835366
1709,0.9910649162075271
1710,1.0052632777941677
1711,0.9955934041305918
1712,0.9834105294536005
1713,0.999504051767737
1714,1.0000067576705123
1715,1.0162970012380463
1716,1.0092002267884812
1717,0.9980385122357963
1718,1.0146907197612993
1719,1.0057878943676946
1720,1.000988745545064
1721,1.006814218355558
1722,0.9994805751870548
1723,1.001077841910359
1724,1.000253152733318
1725,1.0032290703457436
1726,1.0081873688346437
1727,1.0000538185581545
1728,0.9970577678655239
1729,0.9957912323441065
1730,1.0045583135018816
1731,0.9697576897130267
1732,1.0269614792955841
1733,0.9998851819123291
1734,1.0027296366590623
1735,0.9843474318118912
1736,0.9991858587722889
1737,0.9999224033214852
1738,0.9912402103562106
1739,0.9850202180226956
1740,0.9950654251006384
1741,1.014827084249986
1742,1.0080546174773302
1743,1.0008491606089873
1744,1.0040761791480854
1745,1.0024572139371903
1746,0.9859259748093998
1747,1.0143240323912917
1748,1.0108278748772945
1749,1.0011437328369879
1750,1.0123430176755086
1751,0.9965862653493581
1752,1.0078251484913336
1753,1.000348319153209
1754,1.0060581527206884
1755,1.0073501192130363
1756,0.9862676239427448
1757,0.9973916707721147
1758,1.0016144354949927
1759,0.9905963223230896
1760,0.9884802791364333
1761,1.0048226652340382
1762,0.9872108725163837
1763,1.0154422387475315
1764,1.0052719586070096
1765,1.013904475237034
1766,0.9925867908648985
1767,1.004357751495856
1768,0.986704488520957
1769,1.005858863226482
1770,1.0135319038740658
1771,0.9967930615450202
1772,0.9935905250177377
1773,0.9979231962910236
1774,0.993220424579533
1775,1.0031366798072168
1776,1.014124933317921
1777,0.9936928625192603
1778,1.0071856895316857
1779,1.001499876405982
1780,0.9995765253505942
1781,0.9852978886499344
1782,1.0030032688488268
1783,0.999111151193482
1784,0.9981166690157279
1785,1.0073168960705683
1786,1.0001725104716614
1787,1.0049096498212542
1788,1.0115849575877998
1789,1.0012005150144616
1790,1.0006041281639688
1791,0.9994948332276546
1792,1.0009862390049813
1793,0.997918588070696
1794,0.9990403983337476
1795,1.008993436486362
1796,1.008334730127112
1797,1.0059254281231873
1798,0.9925433156577331
1799,0.9985375716489314
1800,0.9995615655810695
1801,0.9934751113541481
1802,1.0042650614098179
1803,1.0011815215427358
1804,1.0108563363583631
1805,0.9962471517970902
1806,0.9940103354408805
1807,1.0006793377208405
1808,0.990105972820263
1809,0.9941210656908378
1810,0.9983484286890744
1811,1.0001207901749862
1812,1.0094385704889657
1813,0.9980176324327921
1814,1.0115304788992237
1815,0.9941393633872255
1816,0.9879069218851069
1817,0.985595421679318
1818,1.0058787630661754
1819,0.9836065036481229
1820,1.0020503971501495
1821,1.0091256261852561
1822,0.9899210554327008
1823,1.0155972862168055
1824,0.9859129818628241
1825,1.002023513829097
1826,0.9914196900082743
1827,1.0166270046269872
1828,1.0012259775573
1829,1.0084369213078004
1830,0.9860002803765173
1831,0.9989165504720233
1832,1.0059876054112378
1833,0.9933208615679959
1834,0.9830495195886102
1835,0.985540072512393
1836,1.0005666871597452
1837,0.9928943967413162
1838,0.9877096113144569
1839,0.99799201928958
1840,1.013545820485522
1841,0.9921937423364586
1842,1.0107150683201669
1843,1.0006511386098433
1844,0.9919429025014165
1845,1.0131629036180863
1846,1.0057460367113726
1847,0.9975380665335722
1848,1.0133160559733259
1849,0.9916596070790591
1850,1.021613674585485
1851,1.0101312186361546
1852,0.9990336046295355
1853,0.9906055783548539
1854,1.002588117189107
1855,1.0007628264578659
1856,1.0016503646096253
1857,1.0121215512908026
1858,1.0181462609245842
1859,0.9993897322450225
1860,0.997645993149378
1861,0.9932334088771507
1862,0.9996086744875099
1863,0.9980272543533193
1864,0.9991691967909491
1865,0.9989582552722857
1866,0.996914945430033
1867,1.0048762500373214
1868,1.0104805575996296
1869,1.0005746469354302
1870,0.9951821524383259
1871,0.9841748685679699
1872,1.0118780132245475
1873,0.9871455540992958
1874,1.0053929879415968
1875,0.9898650985031167
1876,1.0122311241362345
1877,0.9904369114737915
1878,0.9722510378199881
1879,1.0086756446296008
1880,1.0016914071716039
1881,0.9819764978074037
1882,0.9906589539112006
1883,0.9964431691464454
1884,0.9832536436130197
1885,1.0022798155973174
1886,1.0008904726027001
1887,0.9638652772054794
1888,0.9938116381109371
1889,1.0304698279325115
1890,0.9882048917300973
1891,1.021917777829116
1892,1.0057062666999645
1893,1.0118895338198135
1894,0.9954242579846927
1895,0.9895953206778128
1896,1.0124414151337322
1897,0.9954778318230759
1898,1.0044599959030138
1899,1.0255015542363093
1900,0.99004278412777
1901,0.9844013350143123
1902,1.018884481455832
1903,1.0034060789004267
1904,0.9880240788680756
1905,1.0096838340112628
1906,1.0032282007106317
1907,0.9815466656013757
1908,1.0031175138147794
1909,1.0010435557953727
1910,1.0081046176318458
1911,1.0115501808425602
1912,1.000865330750381
1913,0.9933047223720519
1914,1.0296595043289136
1915,1.005472378430125
1916,1.0044991597570012
1917,0.9999783567965335
1918,1.00583985620126
1919,1.0018521288384066
1920,0.9944569646500637
1921,1.0016827519772507
1922,1.002893409533965
1923,0.9826124261905194
1924,1.0269893874853113
1925,0.9910325035153069
1926,0.9737622434307516
1927,0.9962627480700835
1928,1.0025897447996486
1929,0.9709443368729528
1930,0.9724775490870834
1931,1.0224915652844773
1932,1.0006557398569844
1933,1.0333487428276458
1934,0.9960396635908692
1935,1.004338958222566
1936,1.0119052713516745
1937,0.98229583361788
1938,0.9640268306732402
1939,1.0012074024405342
1940,1.0357771889245548
1941,0.9705971862012596
1942,1.0135660161759115
1943,1.0161080666116722
1944,0.9858991199249066
1945,1.0219085492167386
1946,1.0142143693736432
1947,1.0058271435514767
1948,1.0074575492128057
1949,1.0076458153640395
1950,1.0161847988032986
1951,1.018027823648264
1952,1.0093804910528206
1953,0.987786604843756
1954,0.9959615140717215
1955,1.0038315780292624
1956,0.993952798259013
1957,1.005570789374728
1958,1.0130766719228836
1959,1.0003954383434037
1960,0.998076413235129
1961,0.9968318639843587
1962,0.985165526810631
1963,1.0105682571316557
1964,0.99734270023742
1965,1.012883346935131
1966,1.0087722061693474
1967,0.9958550643498215
1968,1.001497070604091
1969,1.0079571282000306
1970,1.0064285385720415
1971,1.0007023781326694
1972,1.0083225322757006
1973,1.0078191201564906
1974,0.9985001640176745
1975,1.009362499035819
1976,1.0067301993846323
1977,0.9978021916895318
1978,0.988309961754981
1979,1.0096728004895044
1980,1.0097029725905229
1981,0.9998369791260407
1982,0.9979710175051958
1983,0.9880812488372944
1984,1.0230682007323568
1985,0.9977476694007619
1986,1.0040891468749227
1987,1.0138230680410762
1988,0.990668351550381
1989,0.9990087870176563
1990,1.000602412124163
1991,1.0150760443249922
1992,0.99274570021471
1993,1.0087347144806627
1994,0.9873209274510407
1995,0.9961319638633389
1996,1.0025178525572367
1997,1.0132562167590056
1998,0.9918396465429555
1999,1.0047357886721409
2000,1.0001023252274273
2001,1.0143865589555772
2002,0.9930772017837777
2003,1.0104632724784883
2004,1.0092469360651746
2005,1.0031492730746747
2006,0.9884427938765324
2007,1.005025728263222
2008,0.9863732361978598
2009,0.9792975162108265
2010,1.0119731603134818
2011,1.0003603629159243
2012,1.0013739138197444
2013,0.9928553687909897
2014,1.004348458747873
2015,1.0154794318837683
2016,0.9851436370567598
2017,0.9735400529360588
2018,0.9995797696265505
2019,1.0047986229339807
2020,0.9762231459353374
2021,1.0032341115090753
2022,0.999488461776773
2023,1.0262273658067878
2024,0.9931305094168088
2025,0.9858432639526518
2026,0.9944921286156637
2027,1.00552992523158
2028,1.0045198952258905
2029,1.0226511747654736
2030,1.003530824207071
2031,1.0014225651455035
2032,0.9974028719444448
2033,0.9837353714462682
2034,1.0175641885175997
2035,0.991267637677497
2036,0.9781056472587871
2037,1.0011930193769074
2038,0.9963216785432637
2039,1.0061568932343883
2040,0.9923433138317581
2041,0.9869614960789272
2042,0.9881197059108503
2043,0.996678492021581
2044,1.0201603049704315
2045,1.0072111373895407
2046,0.9861652198974432
2047,0.9815289183100484
2048,1.0046595965796865
2049,0.9926666423050741
2050,1.0063258849684649
2051,1.0015505507200395
2052,1.0405897382803777
2053,1.0083146050481133
2054,0.9958576547371855
2055,0.9999889117647596
2056,1.0028968335773336
2057,0.9578970914571515
2058,0.98714294019107
2059,1.0210203485215565
2060,0.9905528078357277
2061,0.9937948487015448
2062,0.9777555499580102
2063,0.9788987249506833
2064,1.0101117601553753
2065,1.0278076722154394
2066,1.031806746831179
2067,1.017461941000993
2068,1.0046679673701269
2069,1.0046241467879973
2070,1.0144982555176816
2071,0.99834898056423
2072,1.0044246554394114
2073,0.9895241344636294
2074,0.9966063545255254
2075,0.9997413932504109
2076,0.9904695118080723
2077,0.9758611382378473
2078,1.0116734532537188
2079,1.006026803117402
2080,1.0023101497394638
2081,1.004715650794144
2082,1.0096398083429377
2083,0.9955741199916888
2084,1.0158704118951798
2085,0.997748003183008
2086,0.9916395875883042
2087,1.0102094375940451
2088,0.9810446120970567
2089,0.9664741389835749
2090,1.009109143595324
2091,0.9928558583267082
2092,1.0019678642089076
2093,0.9992795621368235
2094,0.9812495931431809
2095,0.9777365400528522
2096,0.9683254495861706
2097,0.9464563611584497
2098,1.0470555712884788
2099,0.9853076810968905
2100,1.0347081112254963
2101,1.0017709381738085
2102,0.9948395739582448
2103,0.9752571681678659
2104,1.0031768531720067
2105,1.0222673008749226
2106,0.9725267238895622
2107,1.0055718797903073
2108,1.0112165272082319
2109,1.0111755348427567
2110,0.9850641018653503
2111,0.9896931048389511
2112,0.9961354904906661
2113,1.0100704679050443
2114,1.0137766367567262
2115,1.0012300917193144
2116,0.9697492808035204
2117,1.0086846107278202
2118,0.9658777151917041
2119,1.001280844376297
2120,0.9803084092688448
2121,1.031072956834185
2122,0.9763198895063586
2123,0.9968481581577352
2124,1.0233706547307815
2125,0.9898022447265995
2126,1.0062331609156405
2127,1.0330971521090093
2128,1.0093092682438571
2129,1.0019595148834044
2130,0.9995537002697018
2131,1.0078605929882245
2132,0.9990831704006604
2133,0.9919780101802382
2134,0.9907769704380576
2135,1.0148014893054373
2136,1.0080646510830635
2137,1.002177721289811
2138,0.995012265080946
2139,1.0050710779533227
2140,1.0247171279023422
2141,1.0216813492079961
2142,0.9967277926254611
2143,0.9901628047414158
2144,1.0118544689336126
2145,0.9977491983213901
2146,1.0014179710032975
2147,1.004759779074028
2148,1.002381695047496
2149,0.9989775350595625
2150,1.0024221258498827
2151,1.006010161236673
2152,0.9856266333131256
2153,1.002059407055035
2154,1.0067203889144445
2155,0.9823919441138973
2156,0.9920152170446005
2157,1.0004701704048071
2158,1.0266816849110938
2159,0.9942003569381065
2160,1.0049564121986656
2161,1.001020612074185
2162,0.9979174379041151
2163,0.9896495730341697
2164,1.0153859571313248
2165,1.0105602034554537
2166,0.9972474499572516
2167,1.0050043023873299
2168,0.9923540735025207
2169,0.9968445066708858
2170,0.9638708240663063
2171,0.9962342784282624
2172,1.0088448430346018
2173,0.9813255716965696
2174,0.9938589095122045
2175,0.9977908067164839
2176,0.9795839073863819
2177,0.9800294169026614
2178,1.0325779551258885
2179,1.001625791533999
2180,1.0183843503001886
2181,0.9861634914560342
2182,0.9853682740725472
2183,1.0004077356092163
2184,1.0225117168615332
2185,0.990814456523249
2186,1.0177461129116938
2187,0.9920646268282574
2188,0.962524111632347
2189,1.0041867313663955
2190,0.9878257333087811
2191,0.9825949136982056
2192,0.9833986144195312
2193,0.9980286666667203
2194,1.0122774714350493
2195,1.0027279070636326
2196,0.9840482589701035
2197,0.9763491998904597
2198,0.9942116159961526
2199,1.015364261412183
2200,0.9671530846724798
2201,1.0212759470179313
2202,1.0269334904367915
2203,0.992911530486629
2204,1.010347213416909
2205,1.0035049269016663
2206,0.9789549266315489
2207,1.0220412589489223
2208,0.9920921623236176
2209,0.977107023185686
2210,0.9812930152220146
2211,1.0029931908343108
2212,0.991081762360328
2213,0.9672778004305755
2214,0.9825253312220767
2215,1.0192033798019824
2216,0.9610261740489212
2217,1.02828354942118
2218,1.0281951002685656
2219,0.9955502168764213
2220,1.0271013521167274
2221,0.9991130722135475
2222,0.9916757838700804
2223,1.0218943808753551
2224,0.9841406073496574
2225,0.9767471218533509
2226,1.020274846055166
2227,1.0179813831971594
2228,1.005663769950572
2229,1.0171908317332174
2230,1.0085936746962674
2231,0.9969327113501959
2232,1.008125136337308
2233,0.9946466461741859
2234,0.9936843730011633
2235,1.0047201447792995
2236,0.984947879976426
2237,1.034677767628468
2238,1.005914480887446
2239,0.9919889456957303
2240,0.9983177179993906
2241,0.9938113515880881
2242,1.0054779406986445
2243,0.9964049585655835
2244,1.0008068699579638
2245,0.9971126205988587
2246,0.9816955111929687
2247,1.006073577737986
2248,1.0130554662726883
2249,0.9871324316681362
2250,0.9828116117451197
2251,1.0030474590660956
2252,0.9757180513222113
2253,1.006577061298228
2254,0.9870108760458712
2255,1.01407241026595
2256,1.0042067596900264
2257,1.00610762749208
2258,1.0330036982603894
2259,1.0071302440562824
2260,0.9978698734007998
2261,1.003172515544247
2262,1.0159789429181068
2263,1.0094860662544731
2264,1.0029180154201112
2265,0.9966462994725827
2266,0.9925185923736526
2267,1.0011771549249273
2268,1.0029282419972962
2269,0.9984027753026947
2270,0.9688938888954418
2271,1.0014497464757663
2272,0.9807425494282911
2273,0.9880808446796231
2274,0.9993500937101234
2275,1.0064661301487527
2276,1.0078285598178918
2277,0.992527615254755
2278,0.9928129575505397
2279,1.007211790369043
2280,0.9937294163771899
2281,1.0062420971452128
2282,0.987413887087508
2283,1.0147093887535674
2284,0.9901322071272192
2285,1.0263184553828384
2286,1.0171023010592848
2287,1.0031388368744196
2288,1.002367151586416
2289,1.003745364390877
2290,0.9914142578137191
2291,0.9919340223879253
2292,0.9983842435992796
2293,0.9880317294443066
2294,1.0014511362428546
2295,1.0129218296160423
2296,0.9931167162571842
2297,0.9898237010989708
2298,0.9739313686676713
2299,0.9802171385603728
2300,0.9802559338974324
2301,1.0118405386842864
2302,0.9961134862699259
2303,1.0105947832900193
2304,1.03289026751898
2305,1.0083116559466059
2306,1.0036969037515762
2307,1.019994576674882
2308,0.9138307853966966
2309,0.971668734084874
2310,1.0226992933295223
2311,1.0266469029812968
2312,1.0114964654010836
2313,1.006395019590548
2314,0.992768066834369
2315,0.9827650386246151
2316,0.9816878900731811
2317,1.0067828576662612
2318,1.0208301536186397
2319,1.0166701521245365
2320,1.016677481841464
2321,0.9975114374338868
2322,1.0126207827161373
2323,0.9985082478936881
2324,0.9967958424343346
2325,0.9938729118031755
2326,1.0122308526905277
2327,1.000519064725676
2328,1.0012598965287667
2329,1.0003330799570964
2330,1.0019103637459026
2331,1.0069086168718888
2332,0.9888714433735666
2333,1.0083139177025282
2334,0.9719870437536576
2335,1.0014035453124592
2336,1.0073100619253987
2337,1.0141081429189323
2338,1.0030971281861654
2339,1.015508297566549
2340,0.9964610980710813
2341,1.0101277037810634
2342,0.9986585609681358
2343,1.0005615746025882
2344,0.9900021459918754
2345,0.988180484970675
2346,1.0049521259812593
2347,0.9909524597821668
2348,0.9973620934865646
2349,1.0112688150334876
2350,1.00496374339664
2351,0.9930531757820725
2352,1.0075878576626847
2353,0.9960602363176968
2354,1.0107553776888445
2355,0.997485732182628
2356,0.998134419361143
2357,1.02062972874855
2358,0.9993245929423926
2359,0.9975630835718754
2360,1.007002892557876
2361,0.9973736202306498
2362,0.9901606311232303
2363,0.9867941605514898
2364,0.9873609850158288
2365,0.9966719959923777
2366,1.002991708819744
2367,0.9870467388943137
2368,1.0112631150987992
2369,0.9988377389478277
2370,1.0058417003134124
2371,1.023308456015055
2372,0.9936494587639629
2373,0.9813903675116192
2374,0.9983064521686568
2375,1.0068229924639405
2376,1.0001571225017625
2377,1.0035633049528985
2378,0.9987542667319933
2379,1.0103385025846257
2380,0.9989371280068906
2381,0.9984469543048311
2382,0.9930466811329183
2383,1.0117277519286496
2384,0.9950358169582257
2385,0.9958089336029367
2386,0.9890326925219938
2387,1.016856883163009
2388,0.9945557234348502
2389,1.012719701369319
2390,1.002937309016623
2391,1.0067704018413166
2392,1.0003315379392719
2393,1.005267072471687
2394,0.9979151625837811
2395,0.9979173702800507
2396,1.0013599378875588
2397,0.9980779238126952
2398,0.9922091196819807
2399,0.9894934628406022
2400,0.9857830468692839
2401,0.9977585400108923
2402,0.9936236674749978
2403,1.0185308659777033
2404,1.0047020889402094
2405,1.0108684865086468
2406,0.9968262334242171
2407,0.9945611100012317
2408,1.0032277111153833
2409,1.003263346837179
2410,0.9923403251755393
2411,1.0050985114437587
2412,0.9931093334292198
2413,1.00401872739087
2414,1.0037455390365244
2415,0.9959957740343377
2416,1.0027901763697755
2417,1.0025586347781303
2418,0.9896404532248655
2419,1.0071664918778005
2420,1.0043411331830445
2421,0.9932395927962914
2422,0.9947706359796548
2423,1.012477113308435
2424,1.0157268069005405
2425,1.0133773592081012
2426,1.0138595552737768
2427,1.0036882531039168
2428,1.0004910238308808
2429,1.0117532226941468
2430,0.992276107435725
2431,1.0118410534448676
2432,1.0029233107967246
2433,0.9995735531650662
2434,1.0066178043209033
2435,0.9973593078201667
2436,0.9996208850464343
2437,1.0013641068307417
2438,1.0013928223638444
2439,1.0000579349295424
2440,0.9978772322736645
2441,1.0057339198809294
2442,1.0074456316492766
2443,1.0007541432586442
2444,0.9996834838005669
2445,1.0014171547498978
2446,0.9963266103635591
2447,0.9991659006306912
2448,1.0005232518470362
2449,0.9935790883115775
2450,1.0114522582766734
2451,0.99103278912337
2452,0.9971194707135814
2453,1.0027275043320498
2454,0.9988858767835458
2455,1.0027686776295834
2456,0.9919986716495593
2457,1.0025939157887012
2458,1.0135972770776185
2459,0.9978894458345658
2460,0.9952397751081341
2461,0.9877063125811134
2462,0.9901799604777006
2463,1.008741190966582
2464,0.9983706827475313
2465,1.0059933425813739
2466,0.9893678954615016
2467,0.9991970819318706
2468,1.0007201134072983
2469,1.0122759445591998
2470,0.9978766300298202
2471,1.0105171780624782
2472,1.0011073093645533
2473,1.0044788641630586
2474,0.9961880182013757
2475,0.9993265015093622
2476,1.0010819097865946
2477,1.0081331565487621
2478,0.9999820147777114
2479,0.9984098145514763
2480,0.9910407223251488
2481,1.0015768216964163
2482,1.0031154801443287
2483,1.021264498379547
2484,0.9983806293689322
2485,1.0055189164968956
2486,0.9953193926809961
2487,0.9993092630534436
2488,1.0013293472149338
2489,1.005979954888704
2490,1.0018710653874812
2491,0.9997716722353867
2492,0.9952978756665459
2493,1.0029093515435328
2494,1.0089870977097406
2495,1.0024564097454123
2496,0.996830443039198
2497,0.997713481001807
2498,0.997399080448904
2499,1.009202789171253
2500,0.9976739250398635
2501,0.9979646618282048
2502,1.0081259933125097
2503,1.002943649326175
2504,1.001815703113222
2505,1.0055577792500598
2506,0.9920049841668045
2507,1.0025108325655623
2508,0.9973920962375461
2509,1.0048926129425786
2510,1.001785314622348
2511,0.9956061252911121
2512,0.997011900070441
2513,0.9995590744545736
2514,0.9941617582353847
2515,0.9888407543631359
2516,1.0032875906484242
2517,1.0055656517899356
2518,1.0000697639940148
2519,1.0398543900632347
2520,1.001615715827286
2521,0.9987580930572381
2522,0.995691206595865
2523,0.998961647485522
2524,1.0052309037240603
2525,1.002246944463928
2526,1.011608193185779
2527,1.0085201708018063
2528,0.9954411345109875
2529,1.0019137177343764
2530,0.9990846767352003
2531,0.9939134602397075
2532,1.0038553271004613
2533,1.0011985812470694
2534,1.0000027485161365
2535,0.9843323614562296
2536,0.9936928370580675
2537,1.0069591544784942
2538,0.9970783520424481
2539,1.0051726113994455
2540,0.9976606837659657
2541,0.997880986163037
2542,0.9999804224734724
2543,0.9950460384440569
2544,0.9981383113463809
2545,1.0034968678056493
2546,1.0069525959182546
2547,0.9895205951293816
2548,0.9984975876706571
2549,1.0042379466387323
2550,1.0062264123024716
2551,0.9882545191854631
2552,1.0039278675510137
2553,0.9969869010136254
2554,0.9938852481560143
2555,1.0052248279881475
2556,1.0100737599729728
2557,0.994714417444871
2558,0.9982279086998267
2559,1.0003966722665572
2560,0.9966026733829553
2561,1.0051020629610388
2562,0.9934190003419707
2563,0.9992595024935902
2564,0.9817943055304961
2565,0.9915161639343709
2566,1.014506658419599
2567,0.9964659910809711
2568,0.9996953390594902
2569,0.9952996185243418
2570,1.0005141532113102
2571,1.004105261889207
2572,0.9960955021200839
2573,1.0146486630854001
2574,1.0035844305283745
2575,0.9994642211566622
2576,0.9972802021845627
2577,0.9892871400829134
2578,1.0062092799799673
2579,0.9997742926120518
2580,0.9863465735206532
2581,1.0004229674433895
2582,1.0058989617216518
2583,1.0050812433843468
2584,1.000558534827552
2585,0.9927257673924358
2586,0.9947026229982324
2587,1.0028874807579728
2588,1.002037986855454
2589,1.01183941516181
2590,0.9995410107966873
2591,1.0028038775307966
2592,0.986579949194515
2593,0.9899350105664405
2594,0.9920781610633841
2595,1.0130109804292016
2596,1.003260245949049
2597,1.0065455649700004
2598,0.9935142364157163
2599,0.9953957020017096
2600,0.9934707475533546
2601,1.0093646202368303
2602,0.9950919511149316
2603,1.0017739907649672
2604,0.9982059750181684
2605,0.9949048234626624
2606,0.9904093041239707
2607,1.0045717191824357
2608,1.0052178387610715
2609,1.0065497906751377
2610,0.9960916288037004
2611,0.9972132232581311
2612,1.003782657284984
2613,1.0040363047015448
2614,1.000008710051931
2615,1.0137773410043438
2616,1.0049697205241188
2617,1.0030120008790997
2618,1.0009480429368307
2619,0.9969006114592568
2620,1.0031829845261284
2621,1.0012589364167883
2622,0.9984056652672796
2623,1.0039823683873577
2624,1.0005169621167815
2625,0.9989806734697142
2626,0.9995957454590373
2627,1.0053133542450639
2628,1.002382437658186
2629,1.0087579570380063
2630,1.002180854148859
2631,1.0008438247842426
2632,0.9969992017100603
2633,1.0051823626762857
2634,0.9971717566174314
2635,1.0019925878091351
2636,0.9967566927191525
2637,1.0023896513612296
2638,0.9994872044412413
2639,0.9997254252556761
2640,1.000477166547787
2641,1.0004159422316898
2642,1.0032928603398183
2643,0.9951459879566327
2644,1.0008356309966302
2645,1.0010485256137072
2646,1.0005042642599087
2647,0.9946741534773654
2648,1.0127357650459328
2649,1.0041323076813615
2650,1.0027243495686429
2651,1.0032139380781264
2652,1.0063827628257145
2653,0.9976740807749322
2654,1.0003144415782967
2655,0.9979403967533311
2656,0.9935937585672083
2657,0.9989805370523869
2658,0.9883612659210673
2659,0.9948124594506921
2660,0.9946462784988167
2661,0.9949251545327396
2662,0.9970025946438138
2663,1.0053811576443292
2664,0.9951357474043109
2665,1.0039323773419526
2666,1.0050289510873496
2667,0.995342644497488
2668,1.0026441458672175
2669,1.002564314790606
2670,0.9951943994015019
2671,1.0054629240566628
2672,1.0017915277822724
2673,0.9944344061667525
2674,0.9881286513673887
2675,1.0137970889714714
2676,0.9984201468617605
2677,0.9974793940945863
2678,1.0032457074355552
2679,1.0051271767218701
2680,0.9974272256720826
2681,1.0050639512805113
2682,0.994833808615346
2683,0.9928721911644098
2684,1.001211977501183
2685,1.0137310715471706
2686,0.9924641765822179
2687,0.9917453231233114
2688,1.0051032686731007
2689,0.9951298773444259
2690,0.9990938312989941
2691,0.9927158801267765
2692,0.9942257924762812
2693,1.0016894947262514
2694,1.0168096920606646
2695,1.0108577484455605
2696,1.0024448373713157
2697,1.0017752674867089
2698,0.996400633022797
2699,0.9959582341620348
2700,1.0048314207771059
2701,0.9997785399463724
2702,1.0028240552538485
2703,0.9974516965872915
2704,1.0022503121547874
2705,1.007777093861359
2706,1.0044422169576996
2707,1.0019125441193015
2708,0.9920839399801884
2709,0.996412495412169
2710,1.0047546272826038
2711,0.9988019243374957
2712,0.9900385286262626
2713,1.000704245945103
2714,0.9911506304396235
2715,0.9848854412111356
2716,0.9873668827355435
2717,0.9758966251906619
2718,1.0175556711285647
2719,0.9776466860036889
2720,0.9848073733894168
2721,1.012705994272294
2722,0.9918889428161879
2723,1.008650330020595
2724,1.005875609223156
2725,1.0109658479836103
2726,0.9944525477136823
2727,1.0080081339371505
2728,0.9985676706499632
2729,1.0005335255999406
2730,1.002759323520777
2731,1.0063112664246159
2732,0.9985129555941639
2733,0.9944852797119137
2734,0.9884267193336921
2735,0.9781093228817236
2736,1.009194696852207
2737,1.0007570184097943
2738,1.0058072699207745
2739,1.0106355025026987
2740,1.002126989201973
2741,1.0026136052506787
2742,0.9906312668406047
2743,0.9981249747584464
2744,1.0068269062268393
2745,1.0068157979719508
2746,0.9876040424472587
2747,1.0050931099901763
2748,0.9967644255674777
2749,0.9844606070351297
2750,0.9850307557444532
2751,0.9941329028021907
2752,1.0116600322108482
2753,1.0043112042806293
2754,1.0090806754221389
2755,0.9956656051288487
2756,0.9980340687977446
2757,1.026823491818565
2758,0.9936296873637588
2759,1.0019805756305813
2760,1.0070076082276787
2761,0.9944544087737783
2762,1.0070941717405104
2763,1.0011701696969362
2764,0.9979814498441125
2765,1.0107147468870836
2766,1.0037321209567724
2767,0.998771145738227
2768,1.002179731917272
2769,1.0053975467017993
2770,0.9993794083377775
2771,0.992865092078447
2772,1.0057948754583987
2773,1.0036365917842858
2774,1.0050415172550355
2775,1.0048833371325123
2776,0.9930581374803144
2777,1.0060836610798713
2778,1.003830307971063
2779,0.9982295953084755
2780,1.0033334760622945
2781,0.9988178492790317
2782,1.0000616938628644
2783,0.9995933659841026
2784,0.9995960089132845
2785,1.0082321268592438
2786,0.9948722162515431
2787,1.0037747331095295
2788,0.9873357218926406
2789,0.9943362287731793
2790,0.9981827545528362
2791,0.9906922153509483
2792,0.9843509516685474
2793,1.0038067433760152
2794,0.9899627629829741
2795,1.0137642957342021
2796,1.0046416225425394
2797,0.9963165380594495
2798,1.0011658299322015
2799,0.99969658959224
2800,0.9963957226541854
2801,1.0095494797112863
2802,0.9986667818077064
2803,1.0011451269656537
2804,1.0136655347306585
2805,0.9937370574725914
2806,0.9890528108331229
2807,0.9909567292923264
2808,1.0012517243812784
2809,0.9895074756175241
2810,1.0111914135058613
2811,0.978966139393113
2812,0.9998545682103354
2813,1.0084334442626424
2814,0.9906951266593669
2815,1.0089377207535344
2816,0.9931116338655737
2817,1.0101209970163414
2818,1.0016703973353915
2819,1.0084670686746795
2820,1.00220001294167
2821,1.0034652706563498
2822,1.003719214147745
2823,0.9853281279016788
2824,1.0067614042742068
2825,1.0026266362270027
2826,0.9984194825140942
2827,1.0024412079987362
2828,1.0079768844902386
2829,0.9961435073956447
2830,0.9966557985158339
2831,0.9982716969453687
2832,1.008471217658109
2833,0.9957339119481444
2834,1.0117660797094568
2835,1.0051064674105459
2836,0.995784203433036
2837,1.0037524966249427
2838,0.9840362532718088
2839,1.0038020014800966
2840,1.0002584845249305
2841,1.0060488812516921
2842,0.9969266889138144
2843,1.000151644476025
2844,0.980581759753873
2845,0.9951550668613457
2846,0.9999296150256956
2847,0.9852292857047722
2848,1.0055015004224208
2849,0.9986321139795147
2850,1.006145967858564
2851,1.0053010430149423
2852,1.0024973238103274
2853,0.9997310311464933
2854,1.0023923105049815
2855,1.0083356875241563
2856,0.9975578943977589
2857,1.0024828543824778
2858,0.9927259988974526
2859,0.9888982223792431
2860,1.0006160181410542
2861,0.9895051582140187
2862,0.9869796661162524
2863,0.9940674246987287
2864,0.9992142345034459
2865,1.0048339450760708
2866,1.00071915425453
2867,1.0045113888332087
2868,1.0021282491963381
2869,1.0032846438159666
2870,1.0004425675369886
2871,1.0036908090646008
2872,1.0030073598535414
2873,1.0102595940083008
2874,1.0081366335752893
2875,0.9940625925540602
2876,1.0027386753765186
2877,1.0039095710637342
2878,1.0048469007156926
2879,0.9853353139414904
2880,1.004401024109318
2881,0.9926277847192432
2882,1.0048657535967624
2883,0.9910732400372045
2884,0.9912387061418103
2885,0.9893020678587038
2886,1.003646854859691
2887,0.9834757356505767
2888,0.9823349466887255
2889,0.9953944672746923
2890,1.0049962921219417
2891,1.014630702688036
2892,0.9956221919170684
2893,0.9902900978465567
2894,0.9997602372936218
2895,0.993543711566702
2896,0.984592865677698
2897,0.9966220738125607
2898,1.0108837801025625
2899,0.9906743740752336
2900,1.0063925814778838
2901,0.997527663372204
2902,1.0160082770108305
2903,1.0020953651908555
2904,1.0031832967552758
2905,1.0009209171073588
2906,0.9969073513614908
2907,1.0120782408222146
2908,0.9973630952618219
2909,0.9974950249637854
2910,0.9890354476352456
2911,1.0096240512080148
2912,0.9939655669076135
2913,0.9953047244853153
2914,0.9970002701356264
2915,0.9935832818237145
2916,0.985995130675754
2917,1.0121434508595382
2918,0.9913631045294643
2919,1.0033710111159349
2920,1.0113157870980976
2921,0.9980174553804341
2922,1.0005906093422987
2923,1.0018526943475832
2924,0.9996754954616668
2925,1.0131920560984955
2926,0.9919937572706102
2927,0.9877776968037156
2928,0.9668821791534797
2929,1.0041333999135953
2930,0.9864182994233835
2931,1.012704741563303
2932,1.0172322051915241
2933,1.001351348697531
2934,0.9937118394207217
2935,0.9906388817181891
2936,0.9923228762159616
2937,1.0037004997923287
2938,0.9831814371891815
2939,1.0001833459388751
2940,0.9789209534942397
2941,1.0167394939935221
2942,0.9893287136325888
2943,1.0295093811607674
2944,0.9973009172659589
2945,1.0070212845236628
2946,1.0050082977477723
2947,1.0017881306516223
2948,0.9981500517137779
2949,0.9951596372578865
2950,1.0042125562079707
2951,1.002988843639791
2952,0.9974425380304949
2953,1.0213627713139726
2954,0.9968580206955545
2955,0.9960736817854162
2956,0.9997847063720404
2957,1.004556421587532
2958,1.0118126260506728
2959,0.9917900725890858
2960,1.005147756566444
2961,1.0026384270301774
2962,0.9992693711055036
2963,1.0037000933079103
2964,0.9981330994106664
2965,1.0157462683746639
2966,0.9992877105620221
2967,0.9807050065413198
2968,0.9951948442498953
2969,1.0095642932222526
2970,1.0079415631505546
2971,1.003641813738933
2972,0.993845119596783
2973,1.0184091575941563
2974,1.0010921832819129
2975,0.9983419183095497
2976,1.0061986839176906
2977,1.0012916011247506
2978,1.0020988748226658
2979,1.0028924678712345
2980,1.0028384238359125
2981,0.9980086921637298
2982,1.00471857307768
2983,1.0041961785455502
2984,1.0015156605728197
2985,1.0030357128662823
2986,0.99924259823586
2987,0.9952416857641531
2988,0.9923689501625096
2989,1.0063466448806828
2990,0.9998517176153711
2991,1.0059020264496088
2992,1.005590599647348
2993,1.0131806262786311
2994,1.0005492673647223
2995,1.006216184158509
2996,0.9892578125
2997,0.9985233038264371
2998,0.9816861900387664
2999,0.9984118485081908
3000,1.0057719025538279
3001,1.0007561340742432
3002,0.9994732152594723
3003,1.0094630051909175
3004,1.0100455953132599
3005,1.0030484225453604
3006,1.01173840680715
3007,1.0018541003324746
3008,1.0016095734580683
3009,0.997270487578038
3010,0.9939384165676416
3011,1.0021742620329754
3012,1.0031215411360908
3013,1.0036357361759907
3014,1.0007627646238095
3015,1.0037386744464265
3016,1.0041491131736722
3017,1.0061821935920114
3018,1.0013203239607822
3019,0.9996517502719177
3020,0.9969423086949455
3021,1.0024313244359326
3022,1.000437100035508
3023,1.0036209004133172
3024,0.9926904801400178
3025,1.003883726269548
3026,0.9887137029997858
3027,0.9821568200713989
3028,1.0047337079326755
3029,0.9805253189286322
3030,1.0030859394012521
3031,0.9880186194950323
3032,1.0131294012644543
3033,1.0063607996807082
3034,1.0155887354878856
3035,0.9962425649703763
3036,0.9836935973911695
3037,1.0049647099583057
3038,1.0000619992077078
3039,0.9824254676955494
3040,1.0070629960161315
3041,1.0039812839361995
3042,0.9954875888918209
3043,0.9847559924300852
3044,0.994729797458215
3045,1.0060327577405692
3046,1.0100811521130701
3047,1.0019378972057587
3048,0.999538903550947
3049,1.0119727570176875
3050,1.006725180598943
3051,0.9957454310581092
3052,1.0011427635500239
3053,0.9966641915370152
3054,1.0011896400027684
3055,1.0205958047077033
3056,1.000524215555683
3057,1.0038730214323204
3058,0.9996654759336967
3059,0.9967262429558839
3060,0.9967559734817294
3061,0.9995905897740014
3062,0.9998344244419873
3063,1.0090954687337323
3064,1.006880333848881
3065,1.0029705861227411
3066,1.0093073228825518
3067,1.0009941789025556
3068,0.9954375739399999
3069,0.9988038563919049
3070,0.9960241305517975
3071,0.9976551092047155
3072,0.998632011516204
3073,1.0002573554002672
3074,1.001312342370238
3075,1.005465144074005
3076,0.9943828439314726
3077,0.9946452745384478
3078,0.9992390824631324
3079,1.0027987030629717
3080,1.012306928604088
3081,1.0000084308664803
3082,0.9935605308305204
3083,1.004079617326261
3084,0.9997475102396893
3085,0.9827646941116019
3086,1.0011551178616445
3087,0.9738292750153554
3088,0.9806907979325149
3089,0.994179876974412
3090,1.0055686427560657
3091,1.0197553142973386
3092,0.9876636426050425
3093,0.9978432806915621
3094,1.0092016842770886
3095,0.9796077748067458
3096,0.9981999203445451
3097,1.0141039144916577
3098,1.0120483323741016
3099,0.9943725461409912
3100,1.0133304019036706
3101,0.9937494377212304
3102,0.9883154182869522
3103,1.0043758230158581
3104,1.0064589177878973
3105,0.9984897987714267
3106,1.013653791522073
3107,1.004523142377681
3108,1.0016867330307355
3109,0.9965622982707151
3110,1.0087963680304632
3111,1.0098149929959108
3112,1.0030102994178445
3113,0.9999513840798787
3114,1.0011358935516648
3115,1.005095778546027
3116,1.0062670363095323
3117,1.003178989747689
3118,0.9910819227314074
3119,1.0007986637959179
3120,1.001925455455738
3121,1.0069755056656866
3122,1.0052749330076154
3123,0.9903623174981455
3124,0.9986090009483394
3125,0.9946150198133346
3126,1.0054511069316372
3127,1.0038786107834297
3128,1.0066471705580393
3129,0.9856560669368496
3130,0.9701726877264976
3131,1.0011894784019189
3132,1.0085855036896463
3133,1.0071169403793416
3134,0.9889146297642901
3135,1.0085499998755385
3136,1.0091995495600636
3137,1.0217403638813074
3138,0.9961736082578008
3139,1.0119197956453467
3140,1.0001667563315506
3141,0.9970466394908661
3142,0.9974334967822275
3143,1.0057747412347764
3144,1.001316634666872
3145,1.0005741823945438
3146,1.0040146012328157
3147,1.0009139674614909
3148,1.0002786479867667
3149,0.9990071259336013
3150,0.9995030358758489
3151,0.9956135760445212
3152,1.0053628967282713
3153,1.0114439697149582
3154,1.0030857873666963
3155,1.0033237873418905
3156,1.0048634334362803
3157,0.9981034161496206
3158,0.999235107629351
3159,1.0041603006173156
3160,0.9965788612308273
3161,0.9971104361653602
3162,1.006180868211148
3163,0.9981974977561633
3164,0.9977435778754918
3165,0.9965697363007071
3166,0.9988544765743276
3167,1.002081756584295
3168,1.0055215882819495
3169,0.9994255483613016
3170,1.0019700310971198
3171,0.9977456355717718
3172,0.9997570772825081
3173,0.9792308619246686
3174,0.9956792414357138
3175,1.0135780019965364
3176,0.9967513465349097
3177,1.0121185940463395
3178,0.9945400055872109
3179,0.9998910994691996
3180,1.0042676635718837
3181,1.0051255330200126
3182,1.0066696264658745
3183,1.0111683568283463
3184,0.992721480672249
3185,0.9983232150205724
3186,1.0000454458077026
3187,1.009999582126506
3188,1.0000264403356693
3189,1.001485467993527
3190,0.9910635547822908
